event_id,event_date,entity_id,event_type,severity,estimated_impact
EV0001,2026-01-01,AIF034,experiment,Low,50052
EV0002,2026-01-02,AIF008,qa_check,Medium,27277
EV0003,2026-01-03,AIF019,qa_check,Low,34975
EV0004,2026-01-04,AIF004,experiment,Medium,9065
EV0005,2026-01-05,AIF014,qa_check,Medium,33250
EV0006,2026-01-06,AIF024,launch,High,2183
EV0007,2026-01-07,AIF013,launch,High,13725
EV0008,2026-01-08,AIF029,qa_check,High,16931
EV0009,2026-01-09,AIF033,launch,Low,36227
EV0010,2026-01-10,AIF016,exception,Medium,39171
EV0011,2026-01-11,AIF036,qa_check,Medium,21527
EV0012,2026-01-12,AIF016,handoff,Medium,20770
EV0013,2026-01-13,AIF019,launch,Medium,39519
EV0014,2026-01-14,AIF018,exception,Medium,27762
EV0015,2026-01-15,AIF031,qa_check,Medium,34114
EV0016,2026-01-16,AIF019,handoff,Medium,31232
EV0017,2026-01-17,AIF034,stakeholder_request,High,14862
EV0018,2026-01-18,AIF004,experiment,Medium,10415
EV0019,2026-01-19,AIF015,experiment,Low,45781
EV0020,2026-01-20,AIF027,stakeholder_request,Low,7518
EV0021,2026-01-21,AIF014,qa_check,Low,31412
EV0022,2026-01-22,AIF024,experiment,Medium,31253
EV0023,2026-01-23,AIF004,launch,Medium,21095
EV0024,2026-01-24,AIF029,exception,Low,15098
EV0025,2026-01-25,AIF015,handoff,Low,1456
EV0026,2026-01-26,AIF013,qa_check,Medium,36272
EV0027,2026-01-27,AIF001,exception,Low,1121
EV0028,2026-01-28,AIF009,exception,Medium,22929
EV0029,2026-01-29,AIF024,handoff,High,44141
EV0030,2026-01-30,AIF008,launch,Low,31069
EV0031,2026-01-31,AIF033,handoff,Low,3640
EV0032,2026-02-01,AIF006,experiment,Low,9675
EV0033,2026-02-02,AIF031,qa_check,Low,25185
EV0034,2026-02-03,AIF027,exception,Medium,32556
EV0035,2026-02-04,AIF027,stakeholder_request,Low,26364
EV0036,2026-02-05,AIF007,experiment,Low,18425
EV0037,2026-02-06,AIF012,experiment,High,23598
EV0038,2026-02-07,AIF027,exception,Low,20680
EV0039,2026-02-08,AIF029,qa_check,Low,50156
EV0040,2026-02-09,AIF003,exception,High,5413
EV0041,2026-02-10,AIF003,launch,Low,25903
EV0042,2026-02-11,AIF009,qa_check,High,44639
EV0043,2026-02-12,AIF009,qa_check,Medium,42253
EV0044,2026-02-13,AIF027,experiment,Medium,49235
EV0045,2026-02-14,AIF016,launch,High,32353
EV0046,2026-02-15,AIF008,experiment,Low,20107
EV0047,2026-02-16,AIF003,experiment,Low,10977
EV0048,2026-02-17,AIF034,launch,Medium,45068
EV0049,2026-02-18,AIF001,experiment,High,8647
EV0050,2026-02-19,AIF013,stakeholder_request,Low,41445
EV0051,2026-02-20,AIF031,qa_check,Low,8962
EV0052,2026-02-21,AIF003,handoff,Medium,16891
EV0053,2026-02-22,AIF014,stakeholder_request,Low,43656
EV0054,2026-02-23,AIF001,exception,Medium,24428
EV0055,2026-02-24,AIF022,exception,Medium,33367
EV0056,2026-02-25,AIF004,experiment,Low,17700
EV0057,2026-02-26,AIF034,stakeholder_request,Low,43633
EV0058,2026-02-27,AIF034,stakeholder_request,High,18455
EV0059,2026-02-28,AIF022,experiment,High,29096
EV0060,2026-03-01,AIF010,qa_check,Medium,29731
EV0061,2026-03-02,AIF025,handoff,Low,44438
EV0062,2026-03-03,AIF003,qa_check,High,3775
EV0063,2026-03-04,AIF004,experiment,Medium,46519
EV0064,2026-03-05,AIF033,handoff,Medium,19174
EV0065,2026-03-06,AIF006,stakeholder_request,Medium,8754
EV0066,2026-03-07,AIF015,stakeholder_request,Medium,49203
EV0067,2026-03-08,AIF009,launch,High,38689
EV0068,2026-03-09,AIF012,stakeholder_request,Low,42396
EV0069,2026-03-10,AIF003,experiment,Medium,35308
EV0070,2026-03-11,AIF027,launch,Medium,6336
EV0071,2026-03-12,AIF032,launch,Low,19058
EV0072,2026-03-13,AIF021,exception,High,43158
EV0073,2026-03-14,AIF011,stakeholder_request,Medium,1586
EV0074,2026-03-15,AIF021,experiment,Low,27778
EV0075,2026-03-16,AIF010,stakeholder_request,Low,13202
EV0076,2026-03-17,AIF010,handoff,Medium,10334
EV0077,2026-03-18,AIF019,launch,Medium,30556
EV0078,2026-03-19,AIF029,exception,Low,3852
EV0079,2026-03-20,AIF036,qa_check,High,10536
EV0080,2026-03-21,AIF013,exception,Low,32628
EV0081,2026-03-22,AIF005,qa_check,Medium,30383
EV0082,2026-03-23,AIF024,exception,Low,29325
EV0083,2026-03-24,AIF028,exception,Low,19030
EV0084,2026-03-25,AIF002,stakeholder_request,Medium,44295
EV0085,2026-03-26,AIF004,exception,Low,6651
EV0086,2026-03-27,AIF018,launch,High,46120
EV0087,2026-03-28,AIF008,experiment,Low,16936
EV0088,2026-03-29,AIF016,qa_check,Low,34361
EV0089,2026-03-30,AIF024,launch,Low,14079
EV0090,2026-03-31,AIF016,exception,Low,1041
EV0091,2026-04-01,AIF024,handoff,High,7496
EV0092,2026-04-02,AIF020,launch,Medium,49836
EV0093,2026-04-03,AIF008,stakeholder_request,Low,5242
EV0094,2026-04-04,AIF018,experiment,Low,3489
EV0095,2026-04-05,AIF001,qa_check,Medium,22170
EV0096,2026-04-06,AIF034,experiment,Low,44441
EV0097,2026-04-07,AIF004,qa_check,Low,39788
EV0098,2026-04-08,AIF004,stakeholder_request,High,19681
EV0099,2026-04-09,AIF018,exception,Low,20851
EV0100,2026-04-10,AIF023,stakeholder_request,Medium,36318
EV0101,2026-04-11,AIF015,handoff,Medium,30158
EV0102,2026-04-12,AIF001,experiment,High,30367
EV0103,2026-04-13,AIF019,launch,Medium,49582
EV0104,2026-04-14,AIF033,launch,Low,8256
EV0105,2026-04-15,AIF030,qa_check,Medium,2303
EV0106,2026-04-16,AIF008,experiment,Low,34052
EV0107,2026-04-17,AIF019,exception,Medium,37777
EV0108,2026-04-18,AIF004,qa_check,Low,13906
EV0109,2026-04-19,AIF016,qa_check,Medium,47406
EV0110,2026-04-20,AIF023,exception,High,50213
EV0111,2026-04-21,AIF023,exception,Low,7442
EV0112,2026-04-22,AIF015,exception,Medium,26500
EV0113,2026-04-23,AIF017,stakeholder_request,Low,16098
EV0114,2026-04-24,AIF033,stakeholder_request,Low,19518
EV0115,2026-04-25,AIF025,qa_check,Low,24887
EV0116,2026-04-26,AIF026,launch,High,45070
EV0117,2026-04-27,AIF009,stakeholder_request,Low,36675
EV0118,2026-04-28,AIF014,handoff,High,13043
EV0119,2026-04-29,AIF033,handoff,Low,49452
EV0120,2026-04-30,AIF015,exception,High,46169
EV0121,2026-05-01,AIF030,exception,Medium,3324
EV0122,2026-05-02,AIF026,stakeholder_request,Medium,29495
EV0123,2026-05-03,AIF026,qa_check,Medium,39722
EV0124,2026-05-04,AIF007,experiment,Low,38585
EV0125,2026-05-05,AIF036,handoff,High,42833
EV0126,2026-05-06,AIF030,stakeholder_request,Medium,49926
EV0127,2026-05-07,AIF023,experiment,Low,8245
EV0128,2026-05-08,AIF031,exception,Low,15065
EV0129,2026-05-09,AIF033,experiment,Medium,2815
EV0130,2026-05-10,AIF023,handoff,Low,40956
EV0131,2026-05-11,AIF035,qa_check,Medium,24753
EV0132,2026-05-12,AIF007,exception,Medium,7031
EV0133,2026-05-13,AIF002,exception,Medium,21426
EV0134,2026-05-14,AIF033,launch,High,9487
EV0135,2026-05-15,AIF027,launch,Medium,13380
EV0136,2026-05-16,AIF024,exception,High,36297
EV0137,2026-05-17,AIF033,experiment,Low,15582
EV0138,2026-05-18,AIF003,qa_check,Low,5927
EV0139,2026-05-19,AIF018,experiment,Medium,13380
EV0140,2026-05-20,AIF012,launch,High,15291
EV0141,2026-01-01,AIF035,launch,Low,44681
EV0142,2026-01-02,AIF001,handoff,Low,24405
EV0143,2026-01-03,AIF035,experiment,Low,27848
EV0144,2026-01-04,AIF023,launch,Low,7774
EV0145,2026-01-05,AIF011,qa_check,Low,4818
EV0146,2026-01-06,AIF034,stakeholder_request,Medium,5991
EV0147,2026-01-07,AIF003,handoff,Low,26935
EV0148,2026-01-08,AIF007,experiment,Medium,26055
EV0149,2026-01-09,AIF019,handoff,Low,44006
EV0150,2026-01-10,AIF003,handoff,Low,47914
EV0151,2026-01-11,AIF024,experiment,Low,2570
EV0152,2026-01-12,AIF022,exception,Low,34214
EV0153,2026-01-13,AIF023,launch,High,50394
EV0154,2026-01-14,AIF022,stakeholder_request,Low,46282
EV0155,2026-01-15,AIF008,exception,Medium,23177
EV0156,2026-01-16,AIF011,qa_check,Medium,2817
EV0157,2026-01-17,AIF026,exception,High,15986
EV0158,2026-01-18,AIF015,qa_check,Medium,8301
EV0159,2026-01-19,AIF033,stakeholder_request,Medium,30896
EV0160,2026-01-20,AIF011,handoff,Low,15137
EV0161,2026-01-21,AIF029,experiment,Low,39861
EV0162,2026-01-22,AIF031,launch,Low,3992
EV0163,2026-01-23,AIF004,qa_check,Low,50797
EV0164,2026-01-24,AIF004,handoff,Low,12874
EV0165,2026-01-25,AIF025,handoff,Medium,22388
EV0166,2026-01-26,AIF027,handoff,High,14911
EV0167,2026-01-27,AIF018,handoff,Low,39605
EV0168,2026-01-28,AIF016,launch,Low,5369
EV0169,2026-01-29,AIF028,launch,Low,28950
EV0170,2026-01-30,AIF035,launch,Medium,40367
EV0171,2026-01-31,AIF023,launch,Medium,43414
EV0172,2026-02-01,AIF003,experiment,Medium,21329
EV0173,2026-02-02,AIF030,launch,High,35657
EV0174,2026-02-03,AIF013,qa_check,High,49142
EV0175,2026-02-04,AIF034,exception,High,46407
EV0176,2026-02-05,AIF025,stakeholder_request,Medium,9041
EV0177,2026-02-06,AIF029,stakeholder_request,Low,35571
EV0178,2026-02-07,AIF022,launch,High,34207
EV0179,2026-02-08,AIF014,exception,Low,25576
EV0180,2026-02-09,AIF021,exception,Medium,45591
EV0181,2026-02-10,AIF025,handoff,High,41919
EV0182,2026-02-11,AIF034,experiment,Low,15945
EV0183,2026-02-12,AIF015,qa_check,Medium,5441
EV0184,2026-02-13,AIF023,launch,Medium,31086
EV0185,2026-02-14,AIF012,stakeholder_request,High,39816
EV0186,2026-02-15,AIF035,handoff,High,45367
EV0187,2026-02-16,AIF024,stakeholder_request,Low,9764
EV0188,2026-02-17,AIF035,qa_check,Medium,871
EV0189,2026-02-18,AIF004,stakeholder_request,Low,40980
EV0190,2026-02-19,AIF021,handoff,Low,1329
EV0191,2026-02-20,AIF030,launch,High,13276
EV0192,2026-02-21,AIF031,launch,High,25746
EV0193,2026-02-22,AIF035,handoff,High,35453
EV0194,2026-02-23,AIF024,experiment,Medium,5755
EV0195,2026-02-24,AIF016,experiment,Low,47886
EV0196,2026-02-25,AIF018,qa_check,High,9187
EV0197,2026-02-26,AIF002,experiment,Medium,46322
EV0198,2026-02-27,AIF034,exception,Low,14854
EV0199,2026-02-28,AIF028,handoff,Low,51409
EV0200,2026-03-01,AIF031,stakeholder_request,High,51064
EV0201,2026-03-02,AIF022,launch,High,29933
EV0202,2026-03-03,AIF027,exception,High,28338
EV0203,2026-03-04,AIF017,experiment,Low,25280
EV0204,2026-03-05,AIF016,qa_check,Medium,38860
EV0205,2026-03-06,AIF026,experiment,High,33612
EV0206,2026-03-07,AIF036,launch,High,41139
EV0207,2026-03-08,AIF020,handoff,Medium,37771
EV0208,2026-03-09,AIF005,experiment,Low,11389
EV0209,2026-03-10,AIF008,launch,Medium,44385
EV0210,2026-03-11,AIF028,stakeholder_request,Low,46632
EV0211,2026-03-12,AIF004,qa_check,Medium,21214
EV0212,2026-03-13,AIF036,stakeholder_request,Low,7516
EV0213,2026-03-14,AIF017,exception,Medium,43694
EV0214,2026-03-15,AIF010,stakeholder_request,Low,39853
EV0215,2026-03-16,AIF007,experiment,High,32717
EV0216,2026-03-17,AIF004,exception,Medium,17876
EV0217,2026-03-18,AIF004,stakeholder_request,Low,10618
EV0218,2026-03-19,AIF024,exception,High,20714
EV0219,2026-03-20,AIF018,experiment,Low,51385
EV0220,2026-03-21,AIF011,launch,Low,39588
EV0221,2026-03-22,AIF034,stakeholder_request,Low,28091
EV0222,2026-03-23,AIF027,handoff,Low,48724
EV0223,2026-03-24,AIF013,exception,Low,33036
EV0224,2026-03-25,AIF004,launch,Low,27982
EV0225,2026-03-26,AIF026,experiment,High,28620
EV0226,2026-03-27,AIF032,handoff,Low,40209
EV0227,2026-03-28,AIF016,stakeholder_request,High,16422
EV0228,2026-03-29,AIF017,handoff,Medium,2810
EV0229,2026-03-30,AIF033,stakeholder_request,High,3506
EV0230,2026-03-31,AIF028,qa_check,Low,29031
EV0231,2026-04-01,AIF019,launch,Low,23445
EV0232,2026-04-02,AIF019,qa_check,High,51470
EV0233,2026-04-03,AIF024,qa_check,Low,6060
EV0234,2026-04-04,AIF011,stakeholder_request,Medium,15303
EV0235,2026-04-05,AIF016,launch,High,10881
EV0236,2026-04-06,AIF019,qa_check,Low,23223
EV0237,2026-04-07,AIF014,launch,Medium,51824
EV0238,2026-04-08,AIF009,handoff,Medium,20111
EV0239,2026-04-09,AIF028,experiment,High,28092
EV0240,2026-04-10,AIF022,experiment,Low,47410
EV0241,2026-04-11,AIF029,launch,Medium,18787
EV0242,2026-04-12,AIF009,stakeholder_request,Low,37231
EV0243,2026-04-13,AIF026,experiment,Medium,14249
EV0244,2026-04-14,AIF019,experiment,High,21672
EV0245,2026-04-15,AIF021,exception,Low,11107
EV0246,2026-04-16,AIF017,qa_check,High,36352
EV0247,2026-04-17,AIF033,stakeholder_request,Medium,7551
EV0248,2026-04-18,AIF022,stakeholder_request,Low,27172
EV0249,2026-04-19,AIF009,qa_check,Medium,1827
EV0250,2026-04-20,AIF019,qa_check,Low,17788
EV0251,2026-04-21,AIF008,stakeholder_request,Low,45442
EV0252,2026-04-22,AIF015,exception,High,22807
EV0253,2026-04-23,AIF033,launch,High,42097
EV0254,2026-04-24,AIF007,exception,High,15701
EV0255,2026-04-25,AIF018,exception,Low,13330
EV0256,2026-04-26,AIF025,experiment,Low,2934
EV0257,2026-04-27,AIF007,experiment,High,6889
EV0258,2026-04-28,AIF013,exception,Low,49819
EV0259,2026-04-29,AIF020,qa_check,Medium,8307
EV0260,2026-04-30,AIF003,qa_check,Medium,583
EV0261,2026-05-01,AIF035,experiment,Medium,10217
EV0262,2026-05-02,AIF024,exception,Medium,25656
EV0263,2026-05-03,AIF027,handoff,Low,33366
EV0264,2026-05-04,AIF001,experiment,Medium,39179
EV0265,2026-05-05,AIF005,experiment,Low,47858
EV0266,2026-05-06,AIF016,qa_check,Medium,46728
EV0267,2026-05-07,AIF001,exception,Medium,619
EV0268,2026-05-08,AIF016,handoff,Low,32759
EV0269,2026-05-09,AIF021,launch,High,569
EV0270,2026-05-10,AIF018,stakeholder_request,High,5772
EV0271,2026-05-11,AIF021,experiment,Low,43522
EV0272,2026-05-12,AIF025,handoff,High,46692
EV0273,2026-05-13,AIF027,stakeholder_request,High,49304
EV0274,2026-05-14,AIF033,launch,Low,51469
EV0275,2026-05-15,AIF025,exception,Low,5085
EV0276,2026-05-16,AIF010,experiment,Low,43398
EV0277,2026-05-17,AIF027,experiment,Low,8935
EV0278,2026-05-18,AIF031,stakeholder_request,Medium,25157
EV0279,2026-05-19,AIF023,stakeholder_request,Medium,7595
EV0280,2026-05-20,AIF026,exception,High,40065
EV0281,2026-01-01,AIF033,experiment,Low,971
EV0282,2026-01-02,AIF015,stakeholder_request,Low,30555
EV0283,2026-01-03,AIF011,launch,High,43838
EV0284,2026-01-04,AIF014,handoff,Low,8869
EV0285,2026-01-05,AIF026,launch,Low,44775
EV0286,2026-01-06,AIF012,launch,High,24975
EV0287,2026-01-07,AIF008,handoff,High,31810
EV0288,2026-01-08,AIF006,experiment,High,34694
EV0289,2026-01-09,AIF024,handoff,Low,9286
EV0290,2026-01-10,AIF034,experiment,Medium,28550
EV0291,2026-01-11,AIF010,launch,High,23944
EV0292,2026-01-12,AIF017,exception,Medium,9346
EV0293,2026-01-13,AIF034,exception,Low,28232
EV0294,2026-01-14,AIF033,launch,Low,24445
EV0295,2026-01-15,AIF015,stakeholder_request,High,4322
EV0296,2026-01-16,AIF034,launch,Medium,46779
EV0297,2026-01-17,AIF011,launch,High,39855
EV0298,2026-01-18,AIF001,qa_check,High,13577
EV0299,2026-01-19,AIF026,handoff,Low,46398
EV0300,2026-01-20,AIF009,experiment,Low,22807
EV0301,2026-01-21,AIF035,launch,Medium,47625
EV0302,2026-01-22,AIF003,launch,Medium,17838
EV0303,2026-01-23,AIF034,exception,Medium,7214
EV0304,2026-01-24,AIF035,exception,Low,41826
EV0305,2026-01-25,AIF011,handoff,Low,20463
EV0306,2026-01-26,AIF023,experiment,High,31810
EV0307,2026-01-27,AIF019,handoff,Medium,45623
EV0308,2026-01-28,AIF012,exception,High,28033
EV0309,2026-01-29,AIF025,stakeholder_request,Low,50456
EV0310,2026-01-30,AIF030,exception,Low,25983
EV0311,2026-01-31,AIF010,launch,Medium,7502
EV0312,2026-02-01,AIF004,handoff,Low,37645
EV0313,2026-02-02,AIF013,exception,Low,47076
EV0314,2026-02-03,AIF006,stakeholder_request,Low,1478
EV0315,2026-02-04,AIF008,exception,Low,46974
EV0316,2026-02-05,AIF012,exception,Medium,4613
EV0317,2026-02-06,AIF005,experiment,High,49403
EV0318,2026-02-07,AIF017,stakeholder_request,Low,44762
EV0319,2026-02-08,AIF018,launch,High,11628
EV0320,2026-02-09,AIF006,exception,Medium,1350
EV0321,2026-02-10,AIF013,stakeholder_request,High,23339
EV0322,2026-02-11,AIF018,qa_check,High,21867
EV0323,2026-02-12,AIF002,launch,Medium,12235
EV0324,2026-02-13,AIF027,experiment,Medium,35939
EV0325,2026-02-14,AIF020,qa_check,Medium,19328
EV0326,2026-02-15,AIF032,experiment,Low,45112
EV0327,2026-02-16,AIF019,handoff,Low,13967
EV0328,2026-02-17,AIF033,exception,High,3861
EV0329,2026-02-18,AIF013,experiment,Low,21076
EV0330,2026-02-19,AIF034,experiment,Medium,12816
EV0331,2026-02-20,AIF036,exception,Medium,45618
EV0332,2026-02-21,AIF004,experiment,Low,51707
EV0333,2026-02-22,AIF012,stakeholder_request,Medium,51769
EV0334,2026-02-23,AIF014,experiment,Low,24524
EV0335,2026-02-24,AIF031,stakeholder_request,Medium,48321
EV0336,2026-02-25,AIF003,experiment,Medium,13901
EV0337,2026-02-26,AIF025,experiment,Low,22792
EV0338,2026-02-27,AIF009,launch,High,23719
EV0339,2026-02-28,AIF024,experiment,High,33267
EV0340,2026-03-01,AIF030,experiment,High,33918
EV0341,2026-03-02,AIF006,handoff,Low,45947
EV0342,2026-03-03,AIF024,stakeholder_request,High,7045
EV0343,2026-03-04,AIF029,stakeholder_request,Low,33423
EV0344,2026-03-05,AIF012,experiment,High,1001
EV0345,2026-03-06,AIF030,qa_check,Low,24671
EV0346,2026-03-07,AIF024,launch,Medium,27524
EV0347,2026-03-08,AIF016,exception,Low,3754
EV0348,2026-03-09,AIF012,stakeholder_request,Medium,16879
EV0349,2026-03-10,AIF032,qa_check,Medium,17758
EV0350,2026-03-11,AIF035,qa_check,High,43275
EV0351,2026-03-12,AIF011,experiment,Medium,30437
EV0352,2026-03-13,AIF010,launch,Medium,38492
EV0353,2026-03-14,AIF018,launch,Low,36576
EV0354,2026-03-15,AIF031,exception,Low,23735
EV0355,2026-03-16,AIF015,experiment,High,25082
EV0356,2026-03-17,AIF035,launch,High,35701
EV0357,2026-03-18,AIF020,stakeholder_request,High,48283
EV0358,2026-03-19,AIF034,handoff,Medium,4371
EV0359,2026-03-20,AIF036,qa_check,Medium,36953
EV0360,2026-03-21,AIF019,qa_check,Medium,46014
EV0361,2026-03-22,AIF020,qa_check,Medium,30551
EV0362,2026-03-23,AIF036,qa_check,Low,38409
EV0363,2026-03-24,AIF011,stakeholder_request,Low,50183
EV0364,2026-03-25,AIF002,launch,Low,23299
EV0365,2026-03-26,AIF014,stakeholder_request,Low,26279
EV0366,2026-03-27,AIF025,stakeholder_request,High,45544
EV0367,2026-03-28,AIF011,experiment,High,38494
EV0368,2026-03-29,AIF022,stakeholder_request,Medium,47008
EV0369,2026-03-30,AIF005,stakeholder_request,High,43819
EV0370,2026-03-31,AIF022,experiment,Medium,21161
EV0371,2026-04-01,AIF022,exception,High,19918
EV0372,2026-04-02,AIF030,qa_check,High,16393
EV0373,2026-04-03,AIF032,stakeholder_request,Medium,8685
EV0374,2026-04-04,AIF028,qa_check,Medium,39557
EV0375,2026-04-05,AIF009,exception,Low,8512
EV0376,2026-04-06,AIF035,stakeholder_request,High,14223
EV0377,2026-04-07,AIF019,stakeholder_request,High,24282
EV0378,2026-04-08,AIF027,experiment,High,51156
EV0379,2026-04-09,AIF017,qa_check,Low,17579
EV0380,2026-04-10,AIF019,experiment,Low,1007
EV0381,2026-04-11,AIF024,stakeholder_request,Low,14618
EV0382,2026-04-12,AIF007,qa_check,Medium,40230
EV0383,2026-04-13,AIF022,stakeholder_request,Medium,11388
EV0384,2026-04-14,AIF004,qa_check,Low,24211
EV0385,2026-04-15,AIF010,handoff,Medium,36524
EV0386,2026-04-16,AIF033,qa_check,Medium,28117
EV0387,2026-04-17,AIF029,exception,Medium,11388
EV0388,2026-04-18,AIF010,exception,Low,15473
EV0389,2026-04-19,AIF023,launch,Medium,25374
EV0390,2026-04-20,AIF016,exception,High,24939
EV0391,2026-04-21,AIF031,qa_check,Medium,47932
EV0392,2026-04-22,AIF014,stakeholder_request,Low,51328
EV0393,2026-04-23,AIF003,exception,High,4306
EV0394,2026-04-24,AIF002,qa_check,High,32822
EV0395,2026-04-25,AIF005,launch,Medium,8994
EV0396,2026-04-26,AIF009,exception,High,47423
EV0397,2026-04-27,AIF030,exception,Low,35932
EV0398,2026-04-28,AIF015,qa_check,Low,49112
EV0399,2026-04-29,AIF008,exception,Low,3886
EV0400,2026-04-30,AIF005,launch,Low,19236
EV0401,2026-05-01,AIF031,stakeholder_request,Low,19570
EV0402,2026-05-02,AIF020,handoff,Medium,18100
EV0403,2026-05-03,AIF029,experiment,Medium,5979
EV0404,2026-05-04,AIF017,handoff,High,33796
EV0405,2026-05-05,AIF020,stakeholder_request,Low,3448
EV0406,2026-05-06,AIF018,handoff,High,40234
EV0407,2026-05-07,AIF019,launch,Medium,10420
EV0408,2026-05-08,AIF024,stakeholder_request,Medium,6901
EV0409,2026-05-09,AIF025,handoff,Low,33437
EV0410,2026-05-10,AIF009,launch,Medium,14840
EV0411,2026-05-11,AIF027,qa_check,High,37353
EV0412,2026-05-12,AIF036,qa_check,High,15337
EV0413,2026-05-13,AIF008,stakeholder_request,Medium,1759
EV0414,2026-05-14,AIF018,launch,Low,3842
EV0415,2026-05-15,AIF014,qa_check,Medium,32134
EV0416,2026-05-16,AIF009,launch,Low,42595
EV0417,2026-05-17,AIF035,exception,Low,10710
EV0418,2026-05-18,AIF017,handoff,High,28980
EV0419,2026-05-19,AIF025,experiment,Low,23055
EV0420,2026-05-20,AIF028,experiment,Medium,33593
EV0421,2026-01-01,AIF020,stakeholder_request,Medium,15379
EV0422,2026-01-02,AIF026,experiment,Low,23530
EV0423,2026-01-03,AIF003,stakeholder_request,High,21557
EV0424,2026-01-04,AIF003,qa_check,Medium,893
EV0425,2026-01-05,AIF007,qa_check,High,32868
EV0426,2026-01-06,AIF035,experiment,High,41518
EV0427,2026-01-07,AIF036,launch,Medium,25455
EV0428,2026-01-08,AIF027,experiment,Medium,27918
EV0429,2026-01-09,AIF015,exception,Low,42506
EV0430,2026-01-10,AIF032,experiment,Medium,3445
EV0431,2026-01-11,AIF022,exception,Medium,22150
EV0432,2026-01-12,AIF011,stakeholder_request,Low,14675
EV0433,2026-01-13,AIF003,stakeholder_request,Low,40572
EV0434,2026-01-14,AIF034,stakeholder_request,Low,8503
EV0435,2026-01-15,AIF027,qa_check,Medium,43352
EV0436,2026-01-16,AIF030,qa_check,Low,41469
EV0437,2026-01-17,AIF033,qa_check,High,43514
EV0438,2026-01-18,AIF006,exception,Low,28791
EV0439,2026-01-19,AIF024,launch,Medium,13800
EV0440,2026-01-20,AIF001,qa_check,High,11626
EV0441,2026-01-21,AIF020,exception,Low,39663
EV0442,2026-01-22,AIF001,experiment,High,15540
EV0443,2026-01-23,AIF028,launch,Medium,11976
EV0444,2026-01-24,AIF030,handoff,Low,15208
EV0445,2026-01-25,AIF010,launch,Low,43959
EV0446,2026-01-26,AIF008,launch,High,5325
EV0447,2026-01-27,AIF023,experiment,Medium,15828
EV0448,2026-01-28,AIF012,stakeholder_request,High,23236
EV0449,2026-01-29,AIF028,experiment,Medium,49661
EV0450,2026-01-30,AIF015,experiment,High,20289
EV0451,2026-01-31,AIF021,stakeholder_request,Low,8985
EV0452,2026-02-01,AIF019,launch,Low,45403
EV0453,2026-02-02,AIF002,exception,Medium,31575
EV0454,2026-02-03,AIF005,handoff,Medium,19858
EV0455,2026-02-04,AIF023,stakeholder_request,High,35480
EV0456,2026-02-05,AIF008,qa_check,High,30299
EV0457,2026-02-06,AIF003,experiment,Medium,765
EV0458,2026-02-07,AIF021,experiment,Medium,6963
EV0459,2026-02-08,AIF012,stakeholder_request,Low,48467
EV0460,2026-02-09,AIF025,launch,High,23125
EV0461,2026-02-10,AIF032,handoff,Low,7777
EV0462,2026-02-11,AIF016,handoff,Low,31257
EV0463,2026-02-12,AIF016,qa_check,Low,16437
EV0464,2026-02-13,AIF024,launch,Medium,14414
EV0465,2026-02-14,AIF001,stakeholder_request,High,42854
EV0466,2026-02-15,AIF022,qa_check,High,37833
EV0467,2026-02-16,AIF034,launch,High,29440
EV0468,2026-02-17,AIF001,stakeholder_request,Medium,46251
EV0469,2026-02-18,AIF025,experiment,High,39159
EV0470,2026-02-19,AIF005,stakeholder_request,High,24944
EV0471,2026-02-20,AIF022,qa_check,High,44804
EV0472,2026-02-21,AIF022,launch,High,9486
EV0473,2026-02-22,AIF012,launch,High,30488
EV0474,2026-02-23,AIF035,launch,Low,47221
EV0475,2026-02-24,AIF001,launch,Low,44852
EV0476,2026-02-25,AIF005,exception,Low,7461
EV0477,2026-02-26,AIF020,stakeholder_request,Low,51495
EV0478,2026-02-27,AIF026,handoff,Medium,12894
EV0479,2026-02-28,AIF011,stakeholder_request,High,40121
EV0480,2026-03-01,AIF033,launch,Low,50222
EV0481,2026-03-02,AIF034,stakeholder_request,Medium,37906
EV0482,2026-03-03,AIF020,experiment,Medium,47507
EV0483,2026-03-04,AIF033,experiment,High,21081
EV0484,2026-03-05,AIF024,experiment,Low,6242
EV0485,2026-03-06,AIF029,exception,Low,35739
EV0486,2026-03-07,AIF001,stakeholder_request,High,33639
EV0487,2026-03-08,AIF017,qa_check,Low,12854
EV0488,2026-03-09,AIF015,experiment,Low,17636
EV0489,2026-03-10,AIF001,exception,Low,50024
EV0490,2026-03-11,AIF028,qa_check,Low,26122
EV0491,2026-03-12,AIF022,stakeholder_request,Medium,26933
EV0492,2026-03-13,AIF006,experiment,Low,39883
EV0493,2026-03-14,AIF033,exception,Medium,48023
EV0494,2026-03-15,AIF016,handoff,Medium,49263
EV0495,2026-03-16,AIF026,handoff,High,12900
EV0496,2026-03-17,AIF032,handoff,Medium,51045
EV0497,2026-03-18,AIF034,qa_check,Medium,13943
EV0498,2026-03-19,AIF016,qa_check,Medium,48555
EV0499,2026-03-20,AIF029,qa_check,Medium,16145
EV0500,2026-03-21,AIF005,experiment,Low,3481
EV0501,2026-03-22,AIF022,exception,Low,3661
EV0502,2026-03-23,AIF029,experiment,Medium,48406
EV0503,2026-03-24,AIF013,stakeholder_request,High,26585
EV0504,2026-03-25,AIF002,qa_check,High,33072
EV0505,2026-03-26,AIF009,experiment,High,44939
EV0506,2026-03-27,AIF032,exception,Low,849
EV0507,2026-03-28,AIF035,launch,High,33383
EV0508,2026-03-29,AIF002,qa_check,Low,50435
EV0509,2026-03-30,AIF029,launch,Low,37645
EV0510,2026-03-31,AIF012,qa_check,High,46264
EV0511,2026-04-01,AIF015,qa_check,Low,28166
EV0512,2026-04-02,AIF023,launch,Low,1644
EV0513,2026-04-03,AIF025,launch,High,14470
EV0514,2026-04-04,AIF029,exception,Low,1600
EV0515,2026-04-05,AIF007,launch,Low,8245
EV0516,2026-04-06,AIF011,stakeholder_request,High,25949
EV0517,2026-04-07,AIF021,handoff,Medium,41148
EV0518,2026-04-08,AIF027,experiment,Medium,33086
EV0519,2026-04-09,AIF022,qa_check,Medium,31330
EV0520,2026-04-10,AIF009,exception,Low,46993
EV0521,2026-04-11,AIF008,experiment,Low,13673
EV0522,2026-04-12,AIF014,stakeholder_request,Low,41460
EV0523,2026-04-13,AIF012,qa_check,High,12755
EV0524,2026-04-14,AIF010,qa_check,Low,33533
EV0525,2026-04-15,AIF010,stakeholder_request,Medium,22021
EV0526,2026-04-16,AIF010,qa_check,Medium,25676
EV0527,2026-04-17,AIF014,experiment,Medium,37691
EV0528,2026-04-18,AIF018,handoff,High,2656
EV0529,2026-04-19,AIF002,handoff,Medium,44366
EV0530,2026-04-20,AIF011,stakeholder_request,Medium,34635
EV0531,2026-04-21,AIF032,handoff,High,3869
EV0532,2026-04-22,AIF010,qa_check,High,23000
EV0533,2026-04-23,AIF015,launch,Low,1797
EV0534,2026-04-24,AIF017,exception,Low,15893
EV0535,2026-04-25,AIF031,qa_check,Medium,36795
EV0536,2026-04-26,AIF034,handoff,Low,11973
EV0537,2026-04-27,AIF019,qa_check,Medium,19043
EV0538,2026-04-28,AIF023,experiment,High,24887
EV0539,2026-04-29,AIF003,experiment,Low,29472
EV0540,2026-04-30,AIF022,exception,Low,47970
EV0541,2026-05-01,AIF025,experiment,High,15686
EV0542,2026-05-02,AIF015,experiment,High,22151
EV0543,2026-05-03,AIF032,exception,High,6117
EV0544,2026-05-04,AIF003,handoff,High,13091
EV0545,2026-05-05,AIF008,experiment,High,18382
EV0546,2026-05-06,AIF034,stakeholder_request,High,31032
EV0547,2026-05-07,AIF032,launch,High,22379
EV0548,2026-05-08,AIF018,handoff,High,8365
EV0549,2026-05-09,AIF003,stakeholder_request,Low,9580
EV0550,2026-05-10,AIF025,handoff,Low,37916
EV0551,2026-05-11,AIF036,qa_check,High,14061
EV0552,2026-05-12,AIF012,handoff,Medium,47961
EV0553,2026-05-13,AIF033,qa_check,High,33739
EV0554,2026-05-14,AIF009,stakeholder_request,Low,46940
EV0555,2026-05-15,AIF034,handoff,Medium,6335
EV0556,2026-05-16,AIF004,stakeholder_request,Medium,10913
EV0557,2026-05-17,AIF024,exception,High,46050
EV0558,2026-05-18,AIF008,qa_check,High,31714
EV0559,2026-05-19,AIF015,experiment,Medium,13963
EV0560,2026-05-20,AIF006,handoff,High,4837
EV0561,2026-01-01,AIF021,experiment,Low,18649
EV0562,2026-01-02,AIF036,launch,Medium,41537
EV0563,2026-01-03,AIF021,qa_check,High,44514
EV0564,2026-01-04,AIF020,exception,High,8648
EV0565,2026-01-05,AIF029,launch,Medium,46845
EV0566,2026-01-06,AIF017,stakeholder_request,Medium,50120
EV0567,2026-01-07,AIF004,stakeholder_request,Medium,50086
EV0568,2026-01-08,AIF032,handoff,High,30280
EV0569,2026-01-09,AIF014,qa_check,High,43328
EV0570,2026-01-10,AIF003,exception,Low,10302
EV0571,2026-01-11,AIF031,exception,High,33520
EV0572,2026-01-12,AIF035,stakeholder_request,Medium,6905
EV0573,2026-01-13,AIF001,qa_check,Low,50396
EV0574,2026-01-14,AIF012,stakeholder_request,Medium,11768
EV0575,2026-01-15,AIF026,experiment,Medium,51623
EV0576,2026-01-16,AIF030,stakeholder_request,Low,14154
EV0577,2026-01-17,AIF028,handoff,Low,37170
EV0578,2026-01-18,AIF032,stakeholder_request,Medium,26769
EV0579,2026-01-19,AIF018,handoff,Medium,12386
EV0580,2026-01-20,AIF014,qa_check,High,11829
EV0581,2026-01-21,AIF002,handoff,Low,5813
EV0582,2026-01-22,AIF005,qa_check,Medium,16343
EV0583,2026-01-23,AIF022,launch,Low,38700
EV0584,2026-01-24,AIF010,experiment,Medium,1629
EV0585,2026-01-25,AIF010,stakeholder_request,High,46249
EV0586,2026-01-26,AIF008,qa_check,High,36529
EV0587,2026-01-27,AIF035,launch,Low,8076
EV0588,2026-01-28,AIF028,experiment,Low,30364
EV0589,2026-01-29,AIF030,exception,High,30385
EV0590,2026-01-30,AIF025,experiment,Medium,35589
EV0591,2026-01-31,AIF029,launch,Low,19368
EV0592,2026-02-01,AIF016,stakeholder_request,Low,38678
EV0593,2026-02-02,AIF026,exception,Medium,27322
EV0594,2026-02-03,AIF014,qa_check,Low,11726
EV0595,2026-02-04,AIF016,stakeholder_request,Low,35483
EV0596,2026-02-05,AIF003,stakeholder_request,Low,18763
EV0597,2026-02-06,AIF019,stakeholder_request,High,49081
EV0598,2026-02-07,AIF008,launch,High,16301
EV0599,2026-02-08,AIF003,exception,Medium,41110
EV0600,2026-02-09,AIF017,exception,High,17581
EV0601,2026-02-10,AIF004,qa_check,Low,2320
EV0602,2026-02-11,AIF002,qa_check,High,2557
EV0603,2026-02-12,AIF027,exception,Low,45930
EV0604,2026-02-13,AIF008,experiment,Medium,37082
EV0605,2026-02-14,AIF017,stakeholder_request,Low,551
EV0606,2026-02-15,AIF016,stakeholder_request,High,34830
EV0607,2026-02-16,AIF033,experiment,High,36339
EV0608,2026-02-17,AIF019,exception,High,37422
EV0609,2026-02-18,AIF021,handoff,High,6859
EV0610,2026-02-19,AIF016,handoff,Low,34276
EV0611,2026-02-20,AIF017,exception,Medium,30168
EV0612,2026-02-21,AIF002,exception,Low,43181
EV0613,2026-02-22,AIF007,exception,Low,43123
EV0614,2026-02-23,AIF018,handoff,Low,39582
EV0615,2026-02-24,AIF016,qa_check,High,28398
EV0616,2026-02-25,AIF024,exception,Low,43587
EV0617,2026-02-26,AIF022,qa_check,Medium,38731
EV0618,2026-02-27,AIF007,launch,Medium,4191
EV0619,2026-02-28,AIF031,stakeholder_request,Medium,18381
EV0620,2026-03-01,AIF013,handoff,Low,47226
EV0621,2026-03-02,AIF018,stakeholder_request,High,39804
EV0622,2026-03-03,AIF001,handoff,Medium,5518
EV0623,2026-03-04,AIF019,stakeholder_request,High,28558
EV0624,2026-03-05,AIF034,experiment,Medium,33770
EV0625,2026-03-06,AIF027,exception,Medium,6410
EV0626,2026-03-07,AIF012,handoff,High,42166
EV0627,2026-03-08,AIF032,exception,Low,28679
EV0628,2026-03-09,AIF033,qa_check,Medium,8687
EV0629,2026-03-10,AIF011,qa_check,Low,21784
EV0630,2026-03-11,AIF001,experiment,High,37151
EV0631,2026-03-12,AIF027,exception,Low,36020
EV0632,2026-03-13,AIF012,experiment,Medium,6468
EV0633,2026-03-14,AIF031,stakeholder_request,High,38048
EV0634,2026-03-15,AIF016,qa_check,Low,47117
EV0635,2026-03-16,AIF008,exception,Low,15604
EV0636,2026-03-17,AIF016,experiment,High,42339
EV0637,2026-03-18,AIF028,handoff,Low,33929
EV0638,2026-03-19,AIF003,qa_check,Medium,8053
EV0639,2026-03-20,AIF015,experiment,Low,37917
EV0640,2026-03-21,AIF027,stakeholder_request,Low,12484
EV0641,2026-03-22,AIF032,experiment,Medium,17978
EV0642,2026-03-23,AIF018,launch,Low,47516
EV0643,2026-03-24,AIF010,handoff,Low,24628
EV0644,2026-03-25,AIF022,handoff,Medium,6262
EV0645,2026-03-26,AIF010,stakeholder_request,High,31788
EV0646,2026-03-27,AIF004,experiment,Low,24348
EV0647,2026-03-28,AIF016,experiment,High,9308
EV0648,2026-03-29,AIF005,launch,High,51925
EV0649,2026-03-30,AIF003,experiment,Low,50212
EV0650,2026-03-31,AIF034,experiment,High,46891
EV0651,2026-04-01,AIF003,stakeholder_request,Low,37651
EV0652,2026-04-02,AIF036,exception,High,16839
EV0653,2026-04-03,AIF014,exception,Medium,36086
EV0654,2026-04-04,AIF020,exception,Low,12714
EV0655,2026-04-05,AIF020,stakeholder_request,High,16186
EV0656,2026-04-06,AIF010,launch,High,22701
EV0657,2026-04-07,AIF032,stakeholder_request,Low,46442
EV0658,2026-04-08,AIF025,qa_check,Medium,23823
EV0659,2026-04-09,AIF015,qa_check,High,24503
EV0660,2026-04-10,AIF008,launch,High,36759
EV0661,2026-04-11,AIF031,launch,High,29730
EV0662,2026-04-12,AIF010,stakeholder_request,Medium,29386
EV0663,2026-04-13,AIF004,qa_check,Medium,9469
EV0664,2026-04-14,AIF001,launch,Low,29530
EV0665,2026-04-15,AIF031,stakeholder_request,Medium,35039
EV0666,2026-04-16,AIF002,experiment,High,34948
EV0667,2026-04-17,AIF029,handoff,High,45945
EV0668,2026-04-18,AIF028,handoff,Medium,29517
EV0669,2026-04-19,AIF024,exception,Low,9308
EV0670,2026-04-20,AIF021,qa_check,Medium,2652
EV0671,2026-04-21,AIF007,handoff,Low,31008
EV0672,2026-04-22,AIF004,stakeholder_request,Medium,23432
EV0673,2026-04-23,AIF032,handoff,Low,6554
EV0674,2026-04-24,AIF032,exception,Medium,8956
EV0675,2026-04-25,AIF014,qa_check,Low,47667
EV0676,2026-04-26,AIF005,launch,High,10910
EV0677,2026-04-27,AIF036,stakeholder_request,Low,36585
EV0678,2026-04-28,AIF011,exception,High,41855
EV0679,2026-04-29,AIF022,exception,Low,7583
EV0680,2026-04-30,AIF008,experiment,Low,7732
EV0681,2026-05-01,AIF035,stakeholder_request,Medium,16719
EV0682,2026-05-02,AIF014,stakeholder_request,Medium,4094
EV0683,2026-05-03,AIF004,qa_check,Low,14788
EV0684,2026-05-04,AIF028,experiment,Low,49042
EV0685,2026-05-05,AIF007,qa_check,Low,32506
EV0686,2026-05-06,AIF023,experiment,Medium,25393
EV0687,2026-05-07,AIF031,exception,Medium,8404
EV0688,2026-05-08,AIF002,exception,Medium,38062
EV0689,2026-05-09,AIF011,exception,Medium,31944
EV0690,2026-05-10,AIF011,launch,Medium,2162
EV0691,2026-05-11,AIF019,qa_check,Low,23358
EV0692,2026-05-12,AIF001,exception,High,6819
EV0693,2026-05-13,AIF033,stakeholder_request,Low,34698
EV0694,2026-05-14,AIF010,handoff,Medium,12719
EV0695,2026-05-15,AIF004,handoff,Medium,39108
EV0696,2026-05-16,AIF007,launch,Medium,16356
EV0697,2026-05-17,AIF014,experiment,High,32319
EV0698,2026-05-18,AIF028,experiment,High,11514
EV0699,2026-05-19,AIF033,stakeholder_request,Low,34355
EV0700,2026-05-20,AIF010,experiment,Low,5455
EV0701,2026-01-01,AIF031,experiment,High,42965
EV0702,2026-01-02,AIF012,launch,High,38340
EV0703,2026-01-03,AIF010,stakeholder_request,Medium,41766
EV0704,2026-01-04,AIF007,stakeholder_request,High,51354
EV0705,2026-01-05,AIF030,exception,Medium,11614
EV0706,2026-01-06,AIF016,launch,High,15560
EV0707,2026-01-07,AIF012,qa_check,Medium,48189
EV0708,2026-01-08,AIF028,qa_check,Low,12466
EV0709,2026-01-09,AIF002,handoff,High,19292
EV0710,2026-01-10,AIF016,launch,Medium,8818
EV0711,2026-01-11,AIF034,stakeholder_request,Medium,49375
EV0712,2026-01-12,AIF022,launch,Low,46600
EV0713,2026-01-13,AIF016,exception,High,28780
EV0714,2026-01-14,AIF013,launch,Low,24264
EV0715,2026-01-15,AIF016,launch,High,1696
EV0716,2026-01-16,AIF028,stakeholder_request,Medium,47675
EV0717,2026-01-17,AIF026,experiment,Medium,42343
EV0718,2026-01-18,AIF023,launch,Medium,11770
EV0719,2026-01-19,AIF015,qa_check,Low,31364
EV0720,2026-01-20,AIF031,stakeholder_request,Medium,9443
EV0721,2026-01-21,AIF011,stakeholder_request,Low,1944
EV0722,2026-01-22,AIF001,exception,High,22646
EV0723,2026-01-23,AIF023,handoff,Medium,25646
EV0724,2026-01-24,AIF018,handoff,Medium,28707
EV0725,2026-01-25,AIF007,exception,High,49963
EV0726,2026-01-26,AIF014,handoff,Low,6866
EV0727,2026-01-27,AIF027,stakeholder_request,Medium,48090
EV0728,2026-01-28,AIF015,stakeholder_request,Medium,51037
EV0729,2026-01-29,AIF023,stakeholder_request,Medium,17417
EV0730,2026-01-30,AIF016,qa_check,High,22279
EV0731,2026-01-31,AIF003,experiment,Medium,32737
EV0732,2026-02-01,AIF003,qa_check,Medium,28493
EV0733,2026-02-02,AIF004,handoff,Low,45176
EV0734,2026-02-03,AIF024,qa_check,Low,31834
EV0735,2026-02-04,AIF021,handoff,Medium,44842
EV0736,2026-02-05,AIF022,stakeholder_request,Low,25841
EV0737,2026-02-06,AIF033,launch,Low,20686
EV0738,2026-02-07,AIF002,qa_check,Low,9792
EV0739,2026-02-08,AIF019,handoff,Medium,26595
EV0740,2026-02-09,AIF022,launch,High,17770
EV0741,2026-02-10,AIF009,exception,Medium,44685
EV0742,2026-02-11,AIF032,launch,Medium,47953
EV0743,2026-02-12,AIF014,launch,Medium,6336
EV0744,2026-02-13,AIF030,qa_check,Low,46617
EV0745,2026-02-14,AIF028,stakeholder_request,Medium,22421
EV0746,2026-02-15,AIF025,launch,Low,49867
EV0747,2026-02-16,AIF019,launch,High,50277
EV0748,2026-02-17,AIF005,exception,High,19578
EV0749,2026-02-18,AIF022,handoff,Medium,27374
EV0750,2026-02-19,AIF032,exception,Medium,43059
EV0751,2026-02-20,AIF008,qa_check,High,8219
EV0752,2026-02-21,AIF011,handoff,Low,20933
EV0753,2026-02-22,AIF002,exception,Medium,46970
EV0754,2026-02-23,AIF026,qa_check,Low,27742
EV0755,2026-02-24,AIF011,experiment,Low,31770
EV0756,2026-02-25,AIF026,exception,High,6262
EV0757,2026-02-26,AIF016,stakeholder_request,Medium,37305
EV0758,2026-02-27,AIF036,exception,Low,31542
EV0759,2026-02-28,AIF035,stakeholder_request,Low,11068
EV0760,2026-03-01,AIF010,handoff,Low,11662
